lp1,lp2,lp3,rp1,rp2,rp3,lt1,lt2,lr3,rt1,rt2,rt3,time
0.126053, 0.000000, 1.398664, 1.048541, 0.000000, 0.669615, 30.000000, 30.000000, 30.000000, 30.000000, 30.000000, 30.000000, 256 
0.000000, 0.000000, 1.508199, 0.877499, 0.000000, 0.832929, 30.000000, 30.000000, 30.000000, 30.000000, 30.000000, 30.000000, 306 
0.000000, 0.000000, 1.060963, 1.324617, 0.000000, 0.272579, 30.000000, 30.000000, 30.000000, 30.000000, 30.000000, 30.000000, 356 
0.000000, 0.000000, 1.299478, 0.759624, 0.000000, 0.684317, 30.000000, 30.000000, 30.000000, 30.000000, 30.000000, 30.000000, 406 
0.000000, 0.000000, 1.011332, 0.891505, 0.000000, 0.231317, 30.000000, 30.000000, 30.000000, 30.000000, 30.000000, 30.000000, 456 
0.000000, 0.000000, 1.042316, 0.937795, 0.000000, 0.973523, 30.000000, 30.000000, 30.000000, 30.000000, 30.000000, 30.000000, 506 
0.000000, 0.000000, 1.085091, 0.853296, 0.000000, 0.287272, 30.000000, 30.000000, 30.000000, 30.000000, 30.000000, 30.000000, 556 
0.000000, 0.000000, 1.088383, 0.474380, 0.000000, 0.389069, 30.000000, 30.000000, 30.000000, 30.000000, 30.000000, 30.000000, 606 
0.000000, 0.000000, 1.153100, 1.633037, 0.000000, 0.507666, 30.000000, 30.000000, 30.000000, 30.000000, 30.000000, 30.000000, 656 
0.000000, 0.000000, 0.936005, 0.890015, 0.000000, 0.780193, 30.000000, 30.000000, 30.000000, 30.000000, 30.000000, 30.000000, 706 
0.000000, 0.000000, 1.258717, 0.750616, 0.000000, 0.457121, 30.000000, 30.000000, 30.000000, 30.000000, 30.000000, 30.000000, 756 
0.000000, 0.000000, 0.995209, 0.710789, 0.000000, 0.226677, 30.000000, 30.000000, 30.000000, 30.000000, 30.000000, 30.000000, 806 
0.000000, 0.000000, 1.146599, 1.487027, 0.000000, 0.125011, 30.000000, 30.000000, 30.000000, 30.000000, 30.000000, 30.000000, 856 
0.000000, 0.000000, 1.041618, 0.806510, 0.000000, 0.493294, 30.000000, 30.000000, 30.000000, 30.000000, 30.000000, 30.000000, 906 
0.000000, 0.000000, 1.156538, 0.640478, 0.000000, 0.272298, 30.000000, 30.000000, 30.000000, 30.000000, 30.000000, 30.000000, 956 
0.000000, 0.000000, 0.946375, 1.043947, 0.000000, 0.221027, 30.000000, 30.000000, 30.000000, 30.000000, 30.000000, 30.000000, 1006 
0.000000, 0.000000, 1.158948, 1.444278, 0.000000, 0.618672, 30.000000, 30.000000, 30.000000, 30.000000, 30.000000, 30.000000, 1056 
0.000000, 0.000000, 1.143443, 0.652127, 0.000000, 0.351596, 30.000000, 30.000000, 30.000000, 30.000000, 30.000000, 30.000000, 1106 
0.000000, 0.000000, 1.007358, 0.827682, 0.000000, 0.307435, 30.000000, 30.000000, 30.000000, 30.000000, 30.000000, 30.000000, 1156 
0.000000, 0.000000, 1.164995, 0.990856, 0.000000, 0.309791, 30.000000, 30.000000, 30.000000, 30.000000, 30.000000, 30.000000, 1206 
0.000000, 0.000000, 1.062704, 0.680898, 0.000000, 0.617316, 30.000000, 30.000000, 30.000000, 30.000000, 30.000000, 30.000000, 1256 
0.000000, 0.000000, 1.079244, 1.057723, 0.000000, 0.259279, 30.000000, 30.000000, 30.000000, 30.000000, 30.000000, 30.000000, 1306 
0.000000, 0.000000, 1.058895, 1.098385, 0.000000, 0.668598, 30.000000, 30.000000, 30.000000, 30.000000, 30.000000, 30.000000, 1356 
0.000000, 0.000000, 1.196919, 0.785708, 0.000000, 0.345342, 30.000000, 30.000000, 30.000000, 30.000000, 30.000000, 30.000000, 1406 
0.000000, 0.000000, 0.917003, 0.587526, 0.000000, 0.315190, 30.000000, 30.000000, 30.000000, 30.000000, 30.000000, 30.000000, 1456 
0.000000, 0.000000, 1.132151, 1.794395, 0.000000, 0.446745, 30.000000, 30.000000, 30.000000, 30.000000, 30.000000, 30.000000, 1506 
0.000000, 0.000000, 0.992277, 0.867216, 0.000000, 0.438896, 30.000000, 30.000000, 30.000000, 30.000000, 30.000000, 30.000000, 1556 
0.000000, 0.000000, 1.054385, 0.936556, 0.000000, 0.218994, 30.000000, 30.000000, 30.000000, 30.000000, 30.000000, 30.000000, 1606 
0.000000, 0.000000, 1.088243, 0.842388, 0.000000, 0.371810, 30.000000, 30.000000, 30.000000, 30.000000, 30.000000, 30.000000, 1656 
0.000000, 0.000000, 1.082566, 1.402165, 0.000000, 0.316164, 30.000000, 30.000000, 30.000000, 30.000000, 30.000000, 30.000000, 1706 
0.000000, 0.000000, 1.192219, 0.725361, 0.000000, 0.631273, 30.000000, 30.000000, 30.000000, 30.000000, 30.000000, 30.000000, 1756 
0.000000, 0.000000, 0.909325, 1.049860, 0.000000, 0.127901, 30.000000, 30.000000, 30.000000, 30.000000, 30.000000, 30.000000, 1806 
0.000000, 0.000000, 1.264325, 0.794614, 0.000000, 0.168062, 30.000000, 30.000000, 30.000000, 30.000000, 30.000000, 30.000000, 1856 
0.000000, 0.000000, 0.931592, 0.805551, 0.000000, 0.236721, 30.000000, 30.000000, 30.000000, 30.000000, 30.000000, 30.000000, 1906 
0.000000, 0.000000, 1.204571, 0.758348, 0.000000, 0.190484, 30.000000, 30.000000, 30.000000, 30.000000, 30.000000, 30.000000, 1956 
0.000000, 0.000000, 0.880157, 1.608705, 0.000000, 0.487427, 30.000000, 30.000000, 30.000000, 30.000000, 30.000000, 30.000000, 2006 
0.000000, 0.000000, 1.237235, 0.880726, 0.000000, 0.277118, 30.000000, 30.000000, 30.000000, 30.000000, 30.000000, 30.000000, 2056 
0.000000, 0.000000, 1.051918, 0.828839, 0.000000, 0.289993, 30.000000, 30.000000, 30.000000, 30.000000, 30.000000, 30.000000, 2106 
0.000000, 0.000000, 1.132835, 1.094523, 0.000000, 0.138594, 30.000000, 30.000000, 30.000000, 30.000000, 30.000000, 30.000000, 2156 
0.000000, 0.000000, 1.150603, 1.261870, 0.000000, 0.397226, 30.000000, 30.000000, 30.000000, 30.000000, 30.000000, 30.000000, 2206 
0.000000, 0.000000, 1.105676, 0.797815, 0.000000, 0.416342, 30.000000, 30.000000, 30.000000, 30.000000, 30.000000, 30.000000, 2256 
0.000000, 0.000000, 1.241249, 0.721917, 0.000000, 0.381285, 30.000000, 30.000000, 30.000000, 30.000000, 30.000000, 30.000000, 2306 
0.000000, 0.000000, 1.054892, 1.253069, 0.000000, 0.078940, 30.000000, 30.000000, 30.000000, 30.000000, 30.000000, 30.000000, 2356 
0.000000, 0.000000, 1.281813, 0.932020, 0.000000, 0.967787, 30.000000, 30.000000, 30.000000, 30.000000, 30.000000, 30.000000, 2406 
0.000000, 0.000000, 0.955234, 0.735904, 0.000000, 0.296133, 30.000000, 30.000000, 30.000000, 30.000000, 30.000000, 30.000000, 2456 
0.000000, 0.000000, 1.251314, 0.736717, 0.000000, 0.348704, 30.000000, 30.000000, 30.000000, 30.000000, 30.000000, 30.000000, 2506 
0.000000, 0.000000, 1.119626, 0.919871, 0.000000, 0.306767, 30.000000, 30.000000, 30.000000, 30.000000, 30.000000, 30.000000, 2556 
0.000000, 0.000000, 1.152517, 0.635899, 0.000000, 0.483257, 30.000000, 30.000000, 30.000000, 30.000000, 30.000000, 30.000000, 2606 
0.000000, 0.000000, 1.218254, 1.398764, 0.000000, 0.357597, 30.000000, 30.000000, 30.000000, 30.000000, 30.000000, 30.000000, 2656 
0.000000, 0.000000, 1.186271, 0.772972, 0.000000, 0.475200, 30.000000, 30.000000, 30.000000, 30.000000, 30.000000, 30.000000, 2706 
0.000000, 0.000000, 1.183052, 0.845352, 0.000000, 0.221906, 30.000000, 30.000000, 30.000000, 30.000000, 30.000000, 30.000000, 2756 
0.000000, 0.000000, 1.028798, 0.796657, 0.000000, 0.281002, 30.000000, 30.000000, 30.000000, 30.000000, 30.000000, 30.000000, 2806 
0.000000, 0.000000, 1.267882, 1.433598, 0.000000, 0.459249, 30.000000, 30.000000, 30.000000, 30.000000, 30.000000, 30.000000, 2856 
0.000000, 0.000000, 1.034274, 0.708652, 0.000000, 0.490526, 30.000000, 30.000000, 30.000000, 30.000000, 30.000000, 30.000000, 2906 
0.000000, 0.000000, 1.263568, 0.767886, 0.000000, 0.359096, 30.000000, 30.000000, 30.000000, 30.000000, 30.000000, 30.000000, 2956 
0.000000, 0.000000, 1.128439, 1.072437, 0.000000, 0.134137, 30.000000, 30.000000, 30.000000, 30.000000, 30.000000, 30.000000, 3006 
0.000000, 0.000000, 1.091131, 1.042670, 0.000000, 0.873488, 30.000000, 30.000000, 30.000000, 30.000000, 30.000000, 30.000000, 3056 
0.000000, 0.000000, 1.147864, 0.738995, 0.000000, 0.206423, 30.000000, 30.000000, 30.000000, 30.000000, 30.000000, 30.000000, 3106 
0.000000, 0.000000, 1.193565, 0.874005, 0.000000, 0.138101, 30.000000, 30.000000, 30.000000, 30.000000, 30.000000, 30.000000, 3156 
0.000000, 0.000000, 1.221094, 0.918580, 0.000000, 0.062378, 30.000000, 30.000000, 30.000000, 30.000000, 30.000000, 30.000000, 3206 
0.000000, 0.000000, 1.044298, 0.673080, 0.000000, 0.234099, 30.000000, 30.000000, 30.000000, 30.000000, 30.000000, 30.000000, 3256 
0.000000, 0.000000, 1.353648, 0.935447, 0.000000, 0.219999, 30.000000, 30.000000, 30.000000, 30.000000, 30.000000, 30.000000, 3306 
0.000000, 0.000000, 1.002219, 1.212272, 0.000000, 0.471806, 30.000000, 30.000000, 30.000000, 30.000000, 30.000000, 30.000000, 3356 
0.000000, 0.000000, 1.279565, 0.871749, 0.000000, 0.276345, 30.000000, 30.000000, 30.000000, 30.000000, 30.000000, 30.000000, 3406 
0.000000, 0.000000, 1.146381, 0.760636, 0.000000, 0.245753, 30.000000, 30.000000, 30.000000, 30.000000, 30.000000, 30.000000, 3456 
0.000000, 0.000000, 1.226281, 1.324315, 0.000000, 0.222546, 30.000000, 30.000000, 30.000000, 30.000000, 30.000000, 30.000000, 3506 
0.000000, 0.000000, 1.003882, 0.990643, 0.000000, 0.434268, 30.000000, 30.000000, 30.000000, 30.000000, 30.000000, 30.000000, 3556 
0.000000, 0.000000, 1.173110, 0.837676, 0.000000, 0.267685, 30.000000, 30.000000, 30.000000, 30.000000, 30.000000, 30.000000, 3606 
0.000000, 0.000000, 1.229316, 0.992742, 0.000000, 0.174314, 30.000000, 30.000000, 30.000000, 30.000000, 30.000000, 30.000000, 3656 
0.000000, 0.000000, 1.075653, 1.200448, 0.000000, 0.308754, 30.000000, 30.000000, 30.000000, 30.000000, 30.000000, 30.000000, 3706 
0.000000, 0.000000, 1.262777, 0.740260, 0.000000, 0.275888, 30.000000, 30.000000, 30.000000, 30.000000, 30.000000, 30.000000, 3756 
0.000000, 0.000000, 1.132845, 1.001708, 0.000000, 0.256527, 30.000000, 30.000000, 30.000000, 30.000000, 30.000000, 30.000000, 3806 
0.000000, 0.000000, 1.296728, 1.032516, 0.000000, 0.109352, 30.000000, 30.000000, 30.000000, 30.000000, 30.000000, 30.000000, 3856 
0.000000, 0.000000, 1.148469, 0.914414, 0.000000, 0.421356, 30.000000, 30.000000, 30.000000, 30.000000, 30.000000, 30.000000, 3906 
0.000000, 0.000000, 1.330930, 0.819274, 0.000000, 0.180928, 30.000000, 30.000000, 30.000000, 30.000000, 30.000000, 30.000000, 3956 
0.000000, 0.000000, 1.073809, 1.408677, 0.000000, 0.668830, 30.000000, 30.000000, 30.000000, 30.000000, 30.000000, 30.000000, 4006 
0.000000, 0.000000, 1.272925, 0.806252, 0.000000, 0.312552, 30.000000, 30.000000, 30.000000, 30.000000, 30.000000, 30.000000, 4056 
0.000000, 0.000000, 1.140435, 0.733369, 0.000000, 0.328202, 30.000000, 30.000000, 30.000000, 30.000000, 30.000000, 30.000000, 4106 
0.000000, 0.000000, 1.148975, 1.085337, 0.000000, 0.155835, 30.000000, 30.000000, 30.000000, 30.000000, 30.000000, 30.000000, 4156 
0.000000, 0.000000, 1.151759, 1.316881, 0.000000, 0.565769, 30.000000, 30.000000, 30.000000, 30.000000, 30.000000, 30.000000, 4206 
0.000000, 0.000000, 1.054810, 0.524966, 0.000000, 0.322795, 30.000000, 30.000000, 30.000000, 30.000000, 30.000000, 30.000000, 4256 
0.000000, 0.000000, 1.308029, 0.794971, 0.000000, 0.393877, 30.000000, 30.000000, 30.000000, 30.000000, 30.000000, 30.000000, 4306 
0.000000, 0.000000, 1.068798, 1.514719, 0.000000, 0.125381, 30.000000, 30.000000, 30.000000, 30.000000, 30.000000, 30.000000, 4356 
0.000000, 0.000000, 1.306179, 0.745951, 0.000000, 0.664341, 30.000000, 30.000000, 30.000000, 30.000000, 30.000000, 30.000000, 4406 
0.000000, 0.000000, 1.064764, 0.705837, 0.000000, 0.411446, 30.000000, 30.000000, 30.000000, 30.000000, 30.000000, 30.000000, 4456 
0.000000, 0.000000, 1.286224, 0.922639, 0.000000, 0.416530, 30.000000, 30.000000, 30.000000, 30.000000, 30.000000, 30.000000, 4506 
0.000000, 0.000000, 1.006780, 1.006962, 0.000000, 0.347787, 30.000000, 30.000000, 30.000000, 30.000000, 30.000000, 30.000000, 4556 
0.000000, 0.000000, 1.220990, 0.524805, 0.000000, 0.453915, 30.000000, 30.000000, 30.000000, 30.000000, 30.000000, 30.000000, 4606 
0.000000, 0.000000, 1.036651, 1.254611, 0.000000, 0.088683, 30.000000, 30.000000, 30.000000, 30.000000, 30.000000, 30.000000, 4656 
0.000000, 0.000000, 1.273294, 0.734239, 0.000000, 0.353493, 30.000000, 30.000000, 30.000000, 30.000000, 30.000000, 30.000000, 4706 
0.000000, 0.000000, 1.163558, 0.665085, 0.000000, 0.178074, 30.000000, 30.000000, 30.000000, 30.000000, 30.000000, 30.000000, 4756 
0.000000, 0.000000, 1.042172, 0.965967, 0.000000, 0.107354, 30.000000, 30.000000, 30.000000, 30.000000, 30.000000, 30.000000, 4806 
0.000000, 0.000000, 1.100958, 1.378972, 0.000000, 0.692078, 30.000000, 30.000000, 30.000000, 30.000000, 30.000000, 30.000000, 4856 
0.000000, 0.000000, 1.051060, 0.762483, 0.000000, 0.313793, 30.000000, 30.000000, 30.000000, 30.000000, 30.000000, 30.000000, 4906 
0.000000, 0.000000, 1.261529, 0.784174, 0.000000, 0.418384, 30.000000, 30.000000, 30.000000, 30.000000, 30.000000, 30.000000, 4956 
0.000000, 0.000000, 0.909419, 0.976713, 0.000000, 0.222522, 30.000000, 30.000000, 30.000000, 30.000000, 30.000000, 30.000000, 5006 
0.000000, 0.000000, 1.204643, 1.015937, 0.000000, 0.759061, 30.000000, 30.000000, 30.000000, 30.000000, 30.000000, 30.000000, 5056 
0.000000, 0.000000, 1.058540, 0.700007, 0.000000, 0.222106, 30.000000, 30.000000, 30.000000, 30.000000, 30.000000, 30.000000, 5106 
0.000000, 0.000000, 1.209886, 0.717651, 0.000000, 0.308491, 30.000000, 30.000000, 30.000000, 30.000000, 30.000000, 30.000000, 5156 
0.000000, 0.000000, 1.156449, 0.916881, 0.000000, 0.311957, 30.000000, 30.000000, 30.000000, 30.000000, 30.000000, 30.000000, 5206 
0.000000, 0.000000, 1.120789, 0.801463, 0.000000, 0.328766, 30.000000, 30.000000, 30.000000, 30.000000, 30.000000, 30.000000, 5256 
0.000000, 0.000000, 1.231389, 1.201985, 0.000000, 0.104856, 30.000000, 30.000000, 30.000000, 30.000000, 30.000000, 30.000000, 5306 
0.000000, 0.000000, 1.034800, 0.936789, 0.000000, 0.612578, 30.000000, 30.000000, 30.000000, 30.000000, 30.000000, 30.000000, 5356 
0.000000, 0.000000, 1.250171, 0.804056, 0.000000, 0.200824, 30.000000, 30.000000, 30.000000, 30.000000, 30.000000, 30.000000, 5406 
0.000000, 0.000000, 1.031719, 0.573316, 0.000000, 0.228795, 30.000000, 30.000000, 30.000000, 30.000000, 30.000000, 30.000000, 5456 
0.000000, 0.000000, 1.193400, 1.484917, 0.000000, 0.153656, 30.000000, 30.000000, 30.000000, 30.000000, 30.000000, 30.000000, 5506 
0.000000, 0.000000, 0.987570, 0.723793, 0.000000, 0.517443, 30.000000, 30.000000, 30.000000, 30.000000, 30.000000, 30.000000, 5556 
0.000000, 0.000000, 1.207966, 0.686751, 0.012248, 0.236473, 30.000000, 30.000000, 30.000000, 30.000000, 30.000000, 30.000000, 5606 
0.000000, 0.000000, 1.021893, 0.856733, 0.000000, 0.209065, 30.000000, 30.000000, 30.000000, 30.000000, 30.000000, 30.000000, 5656 
0.000000, 0.000000, 1.127353, 1.297110, 0.000000, 0.449778, 30.000000, 30.000000, 30.000000, 30.000000, 30.000000, 30.000000, 5706 
0.000000, 0.000000, 1.173640, 0.729790, 0.000000, 0.463989, 30.000000, 30.000000, 30.000000, 30.000000, 30.000000, 30.000000, 5756 
0.000000, 0.000000, 1.133418, 1.015307, 0.000000, 0.321593, 30.000000, 30.000000, 30.000000, 30.000000, 30.000000, 30.000000, 5806 
0.000000, 0.000000, 1.235671, 1.065921, 0.000000, 0.097715, 30.000000, 30.000000, 30.000000, 30.000000, 30.000000, 30.000000, 5856 
0.000000, 0.000000, 0.979458, 0.759006, 0.000000, 0.385123, 30.000000, 30.000000, 30.000000, 30.000000, 30.000000, 30.000000, 5906 
0.000000, 0.000000, 1.232290, 0.780888, 0.000000, 0.217444, 30.000000, 30.000000, 30.000000, 30.000000, 30.000000, 30.000000, 5956 
0.000000, 0.000000, 1.103896, 1.194059, 0.000000, 0.448945, 30.000000, 30.000000, 30.000000, 30.000000, 30.000000, 30.000000, 6006 
0.000000, 0.000000, 1.253013, 0.929550, 0.000000, 0.213140, 30.000000, 30.000000, 30.000000, 30.000000, 30.000000, 30.000000, 6056 
0.000000, 0.000000, 1.099444, 0.564599, 0.000000, 0.432907, 30.000000, 30.000000, 30.000000, 30.000000, 30.000000, 30.000000, 6106 
0.000000, 0.000000, 1.220104, 1.465543, 0.000000, 0.203659, 30.000000, 30.000000, 30.000000, 30.000000, 30.000000, 30.000000, 6156 
0.000000, 0.000000, 1.061500, 1.212250, 0.000000, 0.637500, 30.000000, 30.000000, 30.000000, 30.000000, 30.000000, 30.000000, 6206 
0.000000, 0.000000, 1.145545, 0.710856, 0.000000, 0.342248, 30.000000, 30.000000, 30.000000, 30.000000, 30.000000, 30.000000, 6256 
0.000000, 0.000000, 1.238756, 0.960707, 0.000000, 0.262365, 30.000000, 30.000000, 30.000000, 30.000000, 30.000000, 30.000000, 6306 
0.000000, 0.000000, 1.062687, 1.467751, 0.000000, 0.423533, 30.000000, 30.000000, 30.000000, 30.000000, 30.000000, 30.000000, 6356 
0.000000, 0.000000, 1.217640, 0.735988, 0.000000, 0.437352, 30.000000, 30.000000, 30.000000, 30.000000, 30.000000, 30.000000, 6406 
0.000000, 0.000000, 1.043756, 0.612001, 0.000000, 0.204015, 30.000000, 30.000000, 30.000000, 30.000000, 30.000000, 30.000000, 6456 
0.000000, 0.000000, 1.232159, 0.901465, 0.000000, 0.200920, 30.000000, 30.000000, 30.000000, 30.000000, 30.000000, 30.000000, 6506 
0.000000, 0.000000, 1.019767, 1.292234, 0.000000, 0.306711, 30.000000, 30.000000, 30.000000, 30.000000, 30.000000, 30.000000, 6556 
0.000000, 0.000000, 1.246905, 0.622872, 0.000000, 0.396931, 30.000000, 30.000000, 30.000000, 30.000000, 30.000000, 30.000000, 6606 
0.000000, 0.000000, 1.092500, 0.958203, 0.000000, 0.317629, 30.000000, 30.000000, 30.000000, 30.000000, 30.000000, 30.000000, 6656 
0.000000, 0.000000, 1.118645, 0.946527, 0.000000, 0.204033, 30.000000, 30.000000, 30.000000, 30.000000, 30.000000, 30.000000, 6706 
0.000000, 0.000000, 1.241131, 0.883743, 0.000000, 0.380506, 30.000000, 30.000000, 30.000000, 30.000000, 30.000000, 30.000000, 6756 
0.000000, 0.000000, 1.137624, 0.817119, 0.000000, 0.025268, 30.000000, 30.000000, 30.000000, 30.000000, 30.000000, 30.000000, 6806 
0.000000, 0.000000, 1.156325, 1.167552, 0.000000, 0.567854, 30.000000, 30.000000, 30.000000, 30.000000, 30.000000, 30.000000, 6856 
0.000000, 0.000000, 1.022878, 0.792314, 0.000000, 0.192010, 30.000000, 30.000000, 30.000000, 30.000000, 30.000000, 30.000000, 6906 
0.000000, 0.000000, 1.284639, 0.849137, 0.000000, 0.306190, 30.000000, 30.000000, 30.000000, 30.000000, 30.000000, 30.000000, 6956 
0.000000, 0.000000, 1.075906, 1.282534, 0.000000, 0.249246, 30.000000, 30.000000, 30.000000, 30.000000, 30.000000, 30.000000, 7006 
0.000000, 0.000000, 1.155336, 1.062028, 0.000000, 0.509010, 30.000000, 30.000000, 30.000000, 30.000000, 30.000000, 30.000000, 7056 
0.000000, 0.000000, 1.110373, 0.830578, 0.000000, 0.213216, 30.000000, 30.000000, 30.000000, 30.000000, 30.000000, 30.000000, 7106 
0.000000, 0.000000, 1.245756, 0.885234, 0.000000, 0.302204, 30.000000, 30.000000, 30.000000, 30.000000, 30.000000, 30.000000, 7156 
0.000000, 0.000000, 1.078356, 1.094044, 0.000000, 0.098019, 30.000000, 30.000000, 30.000000, 30.000000, 30.000000, 30.000000, 7206 
0.000000, 0.000000, 1.172904, 0.714938, 0.000000, 0.261191, 30.000000, 30.000000, 30.000000, 30.000000, 30.000000, 30.000000, 7256 
0.000000, 0.000000, 1.228390, 1.455305, 0.000000, 0.145358, 30.000000, 30.000000, 30.000000, 30.000000, 30.000000, 30.000000, 7306 
0.000000, 0.000000, 1.084671, 1.081178, 0.000000, 0.320842, 30.000000, 30.000000, 30.000000, 30.000000, 30.000000, 30.000000, 7356 
0.000000, 0.000000, 1.240421, 0.796168, 0.003435, 0.213996, 30.000000, 30.000000, 30.000000, 30.000000, 30.000000, 30.000000, 7406 
0.000000, 0.000000, 1.081703, 0.789430, 0.000000, 0.252295, 30.000000, 30.000000, 30.000000, 30.000000, 30.000000, 30.000000, 7456 
0.000000, 0.000000, 1.228366, 1.616657, 0.000000, 0.382651, 30.000000, 30.000000, 30.000000, 30.000000, 30.000000, 30.000000, 7506 
0.000000, 0.000000, 1.100157, 0.876225, 0.000000, 0.642663, 30.000000, 30.000000, 30.000000, 30.000000, 30.000000, 30.000000, 7556 
0.000000, 0.000000, 1.257872, 0.898788, 0.000000, 0.333727, 30.000000, 30.000000, 30.000000, 30.000000, 30.000000, 30.000000, 7606 
0.000000, 0.000000, 1.068089, 1.121400, 0.000000, 0.216491, 30.000000, 30.000000, 30.000000, 30.000000, 30.000000, 30.000000, 7656 
0.000000, 0.000000, 1.184629, 1.477277, 0.000000, 0.620370, 30.000000, 30.000000, 30.000000, 30.000000, 30.000000, 30.000000, 7706 
0.000000, 0.000000, 1.193303, 0.748044, 0.000000, 0.263765, 30.000000, 30.000000, 30.000000, 30.000000, 30.000000, 30.000000, 7756 
0.000000, 0.000000, 1.124939, 1.031345, 0.000000, 0.356684, 30.000000, 30.000000, 30.000000, 30.000000, 30.000000, 30.000000, 7806 
0.000000, 0.000000, 1.151362, 0.972166, 0.000000, 0.124065, 30.000000, 30.000000, 30.000000, 30.000000, 30.000000, 30.000000, 7856 
0.000000, 0.000000, 0.971779, 0.989839, 0.000000, 0.372529, 30.000000, 30.000000, 30.000000, 30.000000, 30.000000, 30.000000, 7906 
0.000000, 0.000000, 1.290511, 0.890252, 0.000000, 0.143850, 30.000000, 30.000000, 30.000000, 30.000000, 30.000000, 30.000000, 7956 
0.000000, 0.000000, 1.004415, 1.262601, 0.000000, 0.738409, 30.000000, 30.000000, 30.000000, 30.000000, 30.000000, 30.000000, 8006 
0.000000, 0.000000, 1.267925, 1.039263, 0.000000, 0.384012, 30.000000, 30.000000, 30.000000, 30.000000, 30.000000, 30.000000, 8056 
0.000000, 0.000000, 1.096224, 0.539118, 0.000000, 0.422537, 30.000000, 30.000000, 30.000000, 30.000000, 30.000000, 30.000000, 8106 
0.000000, 0.000000, 1.153591, 1.469509, 0.000000, 0.187829, 30.000000, 30.000000, 30.000000, 30.000000, 30.000000, 30.000000, 8156 
0.000000, 0.000000, 1.060722, 1.049393, 0.000000, 0.447686, 30.000000, 30.000000, 30.000000, 30.000000, 30.000000, 30.000000, 8206 
0.000000, 0.000000, 1.207895, 0.901710, 0.034691, 0.243049, 30.000000, 30.000000, 30.000000, 30.000000, 30.000000, 30.000000, 8256 
0.000000, 0.000000, 1.184854, 0.922779, 0.000000, 0.283384, 30.000000, 30.000000, 30.000000, 30.000000, 30.000000, 30.000000, 8306 
0.000000, 0.000000, 1.016013, 1.401841, 0.000000, 0.285626, 30.000000, 30.000000, 30.000000, 30.000000, 30.000000, 30.000000, 8356 
0.000000, 0.000000, 1.263159, 0.959384, 0.000000, 0.520431, 30.000000, 30.000000, 30.000000, 30.000000, 30.000000, 30.000000, 8406 
0.000000, 0.000000, 1.122300, 1.073686, 0.000000, 0.206006, 30.000000, 30.000000, 30.000000, 30.000000, 30.000000, 30.000000, 8456 
0.000000, 0.000000, 1.198585, 0.957826, 0.000000, 0.355511, 30.000000, 30.000000, 30.000000, 30.000000, 30.000000, 30.000000, 8506 
0.000000, 0.000000, 1.076335, 1.063785, 0.000000, 0.389808, 30.000000, 30.000000, 30.000000, 30.000000, 30.000000, 30.000000, 8556 
0.000000, 0.000000, 1.212775, 0.843599, 0.000000, 0.316159, 30.000000, 30.000000, 30.000000, 30.000000, 30.000000, 30.000000, 8606 
0.000000, 0.000000, 0.973920, 1.317179, 0.000000, 0.638687, 30.000000, 30.000000, 30.000000, 30.000000, 30.000000, 30.000000, 8656 
0.000000, 0.000000, 1.233450, 1.052012, 0.000000, 0.438197, 30.000000, 30.000000, 30.000000, 30.000000, 30.000000, 30.000000, 8706 
0.000000, 0.000000, 1.189180, 0.640577, 0.012946, 0.402311, 30.000000, 30.000000, 30.000000, 30.000000, 30.000000, 30.000000, 8756 
0.000000, 0.000000, 1.124113, 1.091401, 0.000000, 0.096090, 30.000000, 30.000000, 30.000000, 30.000000, 30.000000, 30.000000, 8806 
0.000000, 0.000000, 1.199256, 1.287877, 0.000000, 0.248855, 30.000000, 30.000000, 30.000000, 30.000000, 30.000000, 30.000000, 8856 
0.015747, 0.000000, 1.094914, 0.941250, 0.000000, 0.263533, 30.000000, 30.000000, 30.000000, 30.000000, 30.000000, 30.000000, 8906 
0.000000, 0.000000, 1.245708, 0.886965, 0.000000, 0.166549, 30.000000, 30.000000, 30.000000, 30.000000, 30.000000, 30.000000, 8956 
0.000000, 0.000000, 1.000021, 1.598781, 0.000000, 0.183338, 30.000000, 30.000000, 30.000000, 30.000000, 30.000000, 30.000000, 9006 
0.000000, 0.000000, 1.223670, 0.950228, 0.000000, 0.404670, 30.000000, 30.000000, 30.000000, 30.000000, 30.000000, 30.000000, 9056 
0.000000, 0.000000, 1.117119, 1.087273, 0.000000, 0.252997, 30.000000, 30.000000, 30.000000, 30.000000, 30.000000, 30.000000, 9106 
0.000000, 0.000000, 1.189085, 1.005712, 0.000000, 0.339690, 30.000000, 30.000000, 30.000000, 30.000000, 30.000000, 30.000000, 9156 
0.000000, 0.000000, 1.085734, 1.052534, 0.000000, 0.304129, 30.000000, 30.000000, 30.000000, 30.000000, 30.000000, 30.000000, 9206 
0.000000, 0.000000, 1.089647, 0.695546, 0.000000, 0.403992, 30.000000, 30.000000, 30.000000, 30.000000, 30.000000, 30.000000, 9256 
0.000000, 0.000000, 1.075406, 1.358412, 0.000000, 0.208980, 30.000000, 30.000000, 30.000000, 30.000000, 30.000000, 30.000000, 9306 
0.000000, 0.000000, 1.127704, 1.031741, 0.000000, 0.597175, 30.000000, 30.000000, 30.000000, 30.000000, 30.000000, 30.000000, 9356 
0.000000, 0.000000, 1.178439, 0.952589, 0.000000, 0.212675, 30.000000, 30.000000, 30.000000, 30.000000, 30.000000, 30.000000, 9406 
0.000000, 0.000000, 1.083149, 0.872354, 0.000000, 0.215846, 30.000000, 30.000000, 30.000000, 30.000000, 30.000000, 30.000000, 9456 
0.000000, 0.000000, 1.243023, 1.328797, 0.000000, 0.436972, 30.000000, 30.000000, 30.000000, 30.000000, 30.000000, 30.000000, 9506 
0.000000, 0.000000, 1.097657, 0.805136, 0.000000, 0.465153, 30.000000, 30.000000, 30.000000, 30.000000, 30.000000, 30.000000, 9556 
0.000000, 0.000000, 1.278967, 0.813280, 0.000000, 0.307403, 30.000000, 30.000000, 30.000000, 30.000000, 30.000000, 30.000000, 9606 
0.000000, 0.000000, 1.069236, 1.109482, 0.000000, 0.157033, 30.000000, 30.000000, 30.000000, 30.000000, 30.000000, 30.000000, 9656 
0.000000, 0.000000, 1.143007, 0.865285, 0.000000, 0.377468, 30.000000, 30.000000, 30.000000, 30.000000, 30.000000, 30.000000, 9706 
0.000000, 0.000000, 1.038762, 0.729488, 0.000000, 0.121776, 30.000000, 30.000000, 30.000000, 30.000000, 30.000000, 30.000000, 9756 
0.000000, 0.000000, 1.179426, 0.938839, 0.000000, 0.223007, 30.000000, 30.000000, 30.000000, 30.000000, 30.000000, 30.000000, 9806 
0.000000, 0.000000, 1.125233, 1.285670, 0.000000, 0.050719, 30.000000, 30.000000, 30.000000, 30.000000, 30.000000, 30.000000, 9856 
0.000000, 0.000000, 1.119519, 0.652272, 0.000000, 0.254236, 30.000000, 30.000000, 30.000000, 30.000000, 30.000000, 30.000000, 9906 
0.000000, 0.000000, 1.222357, 1.077842, 0.000000, 0.118290, 30.000000, 30.000000, 30.000000, 30.000000, 30.000000, 30.000000, 9956 
